;populacao_6
"BI";"362,9"
"KM";"389,0"
"DJ";"38,0"
"ER";"45,2"
"ET";"92,4"
"KE";"76,7"
"MG";"38,4"
"MW";"170,7"
"MU";"617,4"
"YT";"589,7"
"MZ";"32,7"
"RE";"337,6"
"RW";"437,3"
"SC";"200,6"
"SO";"20,4"
"SS";"17,7"
"UG";"181,7"
"TZ";"55,4"
"ZM";"19,8"
"ZW";"38,0"
"AO";"20,1"
"CM";"44,6"
"CF";"7,2"
"TD";"10,1"
"CG";"13,6"
"CD";"30,4"
"GQ";"37,0"
"GA";"6,8"
"ST";"190,5"
"DZ";"15,8"
"EG";"88,2"
"LY";"3,5"
"MA";"74,7"
"SD";"20,4"
"TN";"70,1"
"EH";"1,9"
"BW";"3,7"
"LS";"68,8"
"NA";"2,8"
"ZA";"43,7"
"SZ";"72,6"
"BJ";"86,3"
"BF";"60,6"
"CV";"127,5"
"CI";"67,4"
"GM";"178,1"
"GH";"113,1"
"GN";"45,9"
"GW";"58,3"
"LR";"43,4"
"ML";"13,1"
"MR";"3,7"
"NE";"14,0"
"NG";"183,7"
"SH";"10,6"
"SN";"71,2"
"SL";"93,7"
"TG";"126,1"
"CN";"146,5"
"HK";"6.768,0"
"MO";"18.813,8"
"TW";"657,0"
"KP";"206,4"
"JP";"352,3"
"MN";"1,8"
"KR";"513,8"
"KZ";"6,3"
"KG";"29,2"
"TJ";"57,1"
"TM";"11,2"
"UZ";"69,4"
"AF";"47,0"
"BD";"1.196,3"
"BT";"19,8"
"IN";"424,8"
"IR";"47,0"
"MV";"1.287,3"
"NP";"192,9"
"PK";"230,8"
"LK";"325,7"
"BN";"75,9"
"KH";"83,7"
"ID";"137,4"
"LA";"27,8"
"MY";"88,8"
"MM";"78,1"
"PH";"324,9"
"SG";"7.529,9"
"TH";"132,8"
"TL";"77,8"
"VN";"291,7"
"AM";"101,2"
"AZ";"112,1"
"BH";"1.710,8"
"CY";"122,8"
"GE";"59,1"
"IQ";"75,5"
"IL";"355,8"
"JO";"90,0"
"KW";"190,6"
"LB";"480,6"
"OM";"11,2"
"QA";"181,7"
"SA";"13,5"
"PS";"713,5"
"SY";"111,2"
"TR";"96,9"
"AE";"106,5"
"YE";"47,2"
"BY";"46,7"
"BG";"67,3"
"CZ";"137,1"
"HU";"109,0"
"PL";"125,1"
"MD";"124,0"
"RO";"87,6"
"RU";"8,8"
"SK";"112,7"
"UA";"78,3"
"DK";"132,2"
"EE";"31,3"
"FO";"34,9"
"FI";"17,8"
"IS";"3,3"
"IE";"67,9"
"IM";"142,8"
"LV";"33,2"
"LT";"48,5"
"NO";"13,7"
"SE";"23,3"
"GB";"265,6"
"AL";"106,6"
"AD";"175,4"
"BA";"71,5"
"HR";"76,8"
"GI";"3.362,3"
"GR";"88,3"
"VA";"1.827,3"
"IT";"203,1"
"MT";"1.315,0"
"ME";"46,6"
"PT";"115,5"
"SM";"531,9"
"RS";"102,4"
"SI";"102,3"
"ES";"93,9"
"MK";"82,2"
"AT";"103,4"
"BE";"366,0"
"FR";"116,2"
"DE";"232,6"
"LI";"228,4"
"LU";"205,6"
"MC";"25.357,7"
"NL";"497,9"
"CH";"203,3"
"AI";"157,0"
"AG";"220,0"
"AW";"569,9"
"BS";"37,2"
"BB";"654,9"
"VG";"190,1"
"KY";"239,7"
"CU";"106,9"
"CW";"344,6"
"DM";"96,1"
"DO";"210,2"
"GD";"310,2"
"GP";"267,2"
"HT";"373,3"
"JM";"262,3"
"MQ";"369,0"
"MS";"50,3"
"PR";"416,9"
"KN";"202,3"
"LC";"286,6"
"VC";"280,3"
"SX";"1.033,3"
"TT";"261,5"
"TC";"34,1"
"VI";"301,6"
"BZ";"14,8"
"CR";"91,2"
"SV";"300,3"
"GT";"142,5"
"HN";"76,0"
"MX";"62,2"
"NI";"48,8"
"PA";"50,8"
"AR";"15,4"
"BO";"9,5"
"BR";"24,0"
"CL";"23,3"
"CO";"42,3"
"EC";"62,1"
"FK";"0,2"
"GF";"3,0"
"GY";"3,8"
"PY";"16,1"
"PE";"23,6"
"SR";"3,4"
"UY";"19,4"
"VE";"33,9"
"BM";"1.263,6"
"CA";"3,8"
"GL";"0,1"
"PM";"27,3"
"US";"34,3"
"AU";"3,0"
"NZ";"17,0"
"FJ";"47,8"
"NC";"14,1"
"PG";"16,4"
"SB";"19,7"
"VU";"20,3"
"FM";"160,2"
"GU";"296,3"
"KI";"131,6"
"MH";"292,6"
"FM";"147,9"
"NR";"523,9"
"MP";"116,8"
"PW";"45,1"
"AS";"276,2"
"CK";"75,0"
"PF";"74,2"
"NU";"6,2"
"WS";"66,9"
"TK";"116,7"
"TO";"145,8"
"TV";"357,5"
"WF";"91,7"
"BI";"1.625,6"
"KM";"1.035,4"
"DJ";"57,8"
"ER";"128,6"
"ET";"237,8"
"KE";"224,2"
"MG";"137,1"
"MW";"665,3"
"MU";"525,3"
"YT";"1.768,9"
"MZ";"135,5"
"RE";"396,2"
"RW";"1.097,5"
"SC";"189,3"
"SO";"95,3"
"SS";"59,3"
"UG";"846,4"
"TZ";"257,7"
"ZM";"92,8"
"ZW";"97,8"
"AO";"103,1"
"CM";"157,2"
"CF";"19,7"
"TD";"40,3"
"CG";"53,2"
"CD";"135,7"
"GQ";"145,0"
"GA";"17,5"
"ST";"542,0"
"DZ";"26,1"
"EG";"185,9"
"LY";"4,5"
"MA";"104,1"
"SD";"65,3"
"TN";"89,2"
"EH";"4,5"
"BW";"6,7"
"LS";"124,3"
"NA";"6,6"
"ZA";"63,9"
"SZ";"140,4"
"BJ";"318,4"
"BF";"241,5"
"CV";"189,1"
"CI";"252,1"
"GM";"629,4"
"GH";"297,8"
"GN";"161,9"
"GW";"179,0"
"LR";"150,9"
"ML";"55,8"
"MR";"12,5"
"NE";"105,5"
"NG";"695,1"
"SH";"10,0"
"SN";"267,9"
"SL";"220,4"
"TG";"395,6"
"CN";"123,2"
"HK";"7.809,8"
"MO";"32.902,6"
"TW";"539,1"
"KP";"209,6"
"JP";"253,6"
"MN";"2,8"
"KR";"442,7"
"KZ";"9,3"
"KG";"45,9"
"TJ";"126,3"
"TM";"17,9"
"UZ";"95,7"
"AF";"110,4"
"BD";"1.497,8"
"BT";"25,0"
"IN";"551,7"
"IR";"51,1"
"MV";"1.863,7"
"NP";"241,0"
"PK";"454,0"
"LK";"285,1"
"BN";"98,9"
"KH";"132,9"
"ID";"177,3"
"LA";"39,5"
"MY";"132,4"
"MM";"91,3"
"PH";"572,0"
"SG";"8.630,4"
"TH";"107,5"
"TL";"225,4"
"VN";"364,4"
"AM";"78,2"
"AZ";"124,7"
"BH";"3.204,6"
"CY";"149,7"
"GE";"41,4"
"IQ";"284,1"
"IL";"715,0"
"JO";"188,4"
"KW";"340,3"
"LB";"488,7"
"OM";"22,8"
"QA";"351,1"
"SA";"21,3"
"PS";"2.199,0"
"SY";"210,6"
"TR";"121,3"
"AE";"174,4"
"YE";"104,1"
"BY";"38,8"
"BG";"39,9"
"CZ";"118,8"
"HU";"78,2"
"PL";"83,4"
"MD";"74,0"
"RO";"59,2"
"RU";"7,6"
"SK";"88,1"
"UA";"53,0"
"DK";"156,9"
"EE";"23,1"
"FO";"41,0"
"FI";"20,0"
"IS";"3,9"
"IE";"89,0"
"IM";"179,5"
"LV";"20,4"
"LT";"33,2"
"NO";"21,0"
"SE";"31,0"
"GB";"326,7"
"AL";"77,2"
"AD";"141,8"
"BA";"50,1"
"HR";"51,5"
"GI";"3.729,8"
"GR";"64,3"
"VA";"1.845,5"
"IT";"168,6"
"MT";"1.193,4"
"ME";"38,2"
"PT";"81,3"
"SM";"549,3"
"RS";"71,6"
"SI";"85,9"
"ES";"77,3"
"MK";"65,5"
"AT";"102,3"
"BE";"421,8"
"FR";"132,6"
"DE";"212,5"
"LI";"278,9"
"LU";"356,1"
"MC";"35.861,7"
"NL";"503,2"
"CH";"260,0"
"AI";"154,8"
"AG";"289,0"
"AW";"565,9"
"BS";"48,1"
"BB";"616,4"
"VG";"246,0"
"KY";"384,3"
"CU";"85,8"
"CW";"424,2"
"DM";"89,9"
"DO";"272,9"
"GD";"264,7"
"GP";"222,9"
"HT";"506,9"
"JM";"189,2"
"MQ";"290,4"
"MS";"50,3"
"PR";"293,6"
"KN";"230,5"
"LC";"254,8"
"VC";"240,6"
"SX";"1.719,5"
"TT";"216,0"
"TC";"54,1"
"VI";"201,6"
"BZ";"29,7"
"CR";"108,5"
"SV";"311,1"
"GT";"295,0"
"HN";"126,5"
"MX";"84,5"
"NI";"65,1"
"PA";"86,9"
"AR";"21,4"
"BO";"16,5"
"BR";"25,7"
"CL";"27,0"
"CO";"45,5"
"EC";"100,1"
"FK";"0,2"
"GF";"9,1"
"GY";"3,6"
"PY";"23,1"
"PE";"33,6"
"SR";"4,0"
"UY";"20,0"
"VE";"49,2"
"BM";"925,6"
"CA";"5,4"
"GL";"0,1"
"PM";"32,1"
"US";"46,8"
"AU";"5,0"
"NZ";"23,0"
"FJ";"51,4"
"NC";"23,2"
"PG";"38,4"
"SB";"47,2"
"VU";"49,9"
"FM";"218,3"
"GU";"352,4"
"KI";"271,2"
"MH";"408,4"
"FM";"178,6"
"NR";"514,4"
"MP";"96,4"
"PW";"63,1"
"AS";"250,7"
"CK";"71,5"
"PF";"86,3"
"NU";"7,0"
"WS";"94,6"
"TK";"161,0"
"TO";"216,2"
"TV";"556,8"
"WF";"73,0"
"BI";"1.973,1"
"KM";"1.299,2"
"DJ";"74,0"
"ER";"161,5"
"ET";"300,6"
"KE";"283,2"
"MG";"172,6"
"MW";"832,7"
"MU";"695,7"
"YT";"2.200,4"
"MZ";"165,1"
"RE";"514,1"
"RW";"1.385,6"
"SC";"251,2"
"SO";"116,0"
"SS";"73,5"
"UG";"1.043,3"
"TZ";"318,3"
"ZM";"113,8"
"ZW";"125,4"
"AO";"125,0"
"CM";"193,2"
"CF";"24,6"
"TD";"49,0"
"CG";"66,1"
"CD";"165,8"
"GQ";"179,9"
"GA";"21,9"
"ST";"680,0"
"DZ";"33,0"
"EG";"239,3"
"LY";"5,8"
"MA";"133,9"
"SD";"79,9"
"TN";"114,6"
"EH";"5,6"
"BW";"8,6"
"LS";"164,8"
"NA";"8,5"
"ZA";"83,8"
"SZ";"185,4"
"BJ";"392,3"
"BF";"297,3"
"CV";"249,6"
"CI";"312,8"
"GM";"769,0"
"GH";"373,3"
"GN";"200,6"
"GW";"223,4"
"LR";"188,6"
"ML";"68,4"
"MR";"15,3"
"NE";"125,1"
"NG";"845,8"
"SH";"13,0"
"SN";"327,9"
"SL";"282,3"
"TG";"496,8"
"CN";"159,5"
"HK";"9.685,7"
"MO";"40.206,7"
"TW";"688,2"
"KP";"273,3"
"JP";"320,6"
"MN";"3,6"
"KR";"559,0"
"KZ";"11,9"
"KG";"59,8"
"TJ";"162,2"
"TM";"23,4"
"UZ";"125,9"
"AF";"140,9"
"BD";"2.001,8"
"BT";"32,7"
"IN";"727,0"
"IR";"67,1"
"MV";"2.358,3"
"NP";"325,2"
"PK";"582,6"
"LK";"381,2"
"BN";"126,8"
"KH";"172,5"
"ID";"233,9"
"LA";"52,7"
"MY";"169,0"
"MM";"121,3"
"PH";"740,9"
"SG";"10.671,1"
"TH";"141,2"
"TL";"280,7"
"VN";"467,4"
"AM";"104,6"
"AZ";"165,3"
"BH";"3.943,5"
"CY";"188,4"
"GE";"55,7"
"IQ";"355,5"
"IL";"877,6"
"JO";"238,8"
"KW";"428,9"
"LB";"645,9"
"OM";"27,9"
"QA";"415,6"
"SA";"26,8"
"PS";"2.754,7"
"SY";"267,0"
"TR";"156,6"
"AE";"210,1"
"YE";"133,2"
"BY";"50,4"
"BG";"52,7"
"CZ";"150,8"
"HU";"101,7"
"PL";"109,6"
"MD";"101,6"
"RO";"77,8"
"RU";"9,9"
"SK";"114,5"
"UA";"70,0"
"DK";"196,5"
"EE";"30,0"
"FO";"51,5"
"FI";"25,0"
"IS";"5,0"
"IE";"111,2"
"IM";"223,2"
"LV";"26,8"
"LT";"43,6"
"NO";"25,9"
"SE";"38,4"
"GB";"409,0"
"AL";"103,0"
"AD";"177,3"
"BA";"65,5"
"HR";"66,9"
"GI";"4.684,3"
"GR";"82,0"
"VA";"2.152,3"
"IT";"211,4"
"MT";"1.516,6"
"ME";"49,9"
"PT";"104,0"
"SM";"684,2"
"RS";"94,8"
"SI";"108,9"
"ES";"97,3"
"MK";"86,0"
"AT";"128,4"
"BE";"527,6"
"FR";"166,6"
"DE";"266,6"
"LI";"345,6"
"LU";"436,5"
"MC";"43.035,6"
"NL";"635,8"
"CH";"320,8"
"AI";"204,4"
"AG";"376,1"
"AW";"730,9"
"BS";"61,3"
"BB";"798,4"
"VG";"312,3"
"KY";"477,7"
"CU";"111,1"
"CW";"532,4"
"DM";"119,0"
"DO";"363,9"
"GD";"365,4"
"GP";"289,5"
"HT";"669,3"
"JM";"263,6"
"MQ";"377,4"
"MS";"65,8"
"PR";"393,6"
"KN";"302,1"
"LC";"338,1"
"VC";"327,2"
"SX";"2.165,8"
"TT";"289,2"
"TC";"68,6"
"VI";"274,5"
"BZ";"38,5"
"CR";"140,0"
"SV";"423,2"
"GT";"377,7"
"HN";"164,3"
"MX";"110,2"
"NI";"85,5"
"PA";"111,4"
"AR";"27,5"
"BO";"21,3"
"BR";"33,8"
"CL";"34,7"
"CO";"60,0"
"EC";"129,2"
"FK";"0,3"
"GF";"11,0"
"GY";"5,1"
"PY";"30,3"
"PE";"43,3"
"SR";"5,3"
"UY";"26,1"
"VE";"64,5"
"BM";"1.196,3"
"CA";"6,7"
"GL";"0,2"
"PM";"40,8"
"US";"58,6"
"AU";"6,2"
"NZ";"28,8"
"FJ";"69,2"
"NC";"29,0"
"PG";"48,4"
"SB";"59,2"
"VU";"62,7"
"FM";"281,2"
"GU";"456,3"
"KI";"341,1"
"MH";"522,9"
"FM";"236,8"
"NR";"672,7"
"MP";"127,4"
"PW";"80,1"
"AS";"343,3"
"CK";"93,4"
"PF";"111,6"
"NU";"9,1"
"WS";"121,7"
"TK";"207,9"
"TO";"278,7"
"TV";"721,3"
"WF";"95,1"
"BI";"1.321,3"
"KM";"809,6"
"DJ";"44,1"
"ER";"100,7"
"ET";"185,0"
"KE";"174,7"
"MG";"107,2"
"MW";"524,3"
"MU";"388,5"
"YT";"1.403,4"
"MZ";"109,6"
"RE";"301,4"
"RW";"854,3"
"SC";"139,3"
"SO";"77,2"
"SS";"47,0"
"UG";"677,0"
"TZ";"205,8"
"ZM";"74,7"
"ZW";"74,9"
"AO";"83,9"
"CM";"126,0"
"CF";"15,6"
"TD";"32,7"
"CG";"42,3"
"CD";"109,7"
"GQ";"115,6"
"GA";"13,8"
"ST";"424,1"
"DZ";"20,4"
"EG";"142,0"
"LY";"3,4"
"MA";"79,6"
"SD";"52,5"
"TN";"68,2"
"EH";"3,6"
"BW";"5,1"
"LS";"91,5"
"NA";"5,1"
"ZA";"47,6"
"SZ";"103,9"
"BJ";"254,6"
"BF";"193,3"
"CV";"140,8"
"CI";"200,2"
"GM";"506,8"
"GH";"233,3"
"GN";"128,7"
"GW";"141,0"
"LR";"118,9"
"ML";"44,9"
"MR";"10,1"
"NE";"88,0"
"NG";"563,5"
"SH";"7,6"
"SN";"215,5"
"SL";"168,8"
"TG";"309,8"
"CN";"93,7"
"HK";"6.227,6"
"MO";"26.767,3"
"TW";"414,8"
"KP";"157,3"
"JP";"198,0"
"MN";"2,2"
"KR";"345,2"
"KZ";"7,1"
"KG";"34,4"
"TJ";"96,5"
"TM";"13,4"
"UZ";"71,3"
"AF";"84,9"
"BD";"1.103,6"
"BT";"18,8"
"IN";"410,9"
"IR";"38,3"
"MV";"1.461,4"
"NP";"175,3"
"PK";"347,2"
"LK";"206,4"
"BN";"75,9"
"KH";"97,5"
"ID";"131,3"
"LA";"28,9"
"MY";"101,9"
"MM";"66,9"
"PH";"432,7"
"SG";"6.958,4"
"TH";"80,6"
"TL";"177,6"
"VN";"279,3"
"AM";"57,1"
"AZ";"92,7"
"BH";"2.599,6"
"CY";"118,0"
"GE";"29,9"
"IQ";"223,8"
"IL";"574,8"
"JO";"146,0"
"KW";"266,7"
"LB";"362,3"
"OM";"18,6"
"QA";"297,7"
"SA";"16,8"
"PS";"1.728,6"
"SY";"163,6"
"TR";"92,2"
"AE";"145,4"
"YE";"79,8"
"BY";"29,2"
"BG";"29,5"
"CZ";"92,1"
"HU";"58,9"
"PL";"62,2"
"MD";"52,2"
"RO";"44,1"
"RU";"5,7"
"SK";"66,4"
"UA";"39,2"
"DK";"123,5"
"EE";"17,5"
"FO";"32,1"
"FI";"15,8"
"IS";"3,1"
"IE";"70,4"
"IM";"143,0"
"LV";"15,2"
"LT";"24,6"
"NO";"16,8"
"SE";"24,7"
"GB";"258,2"
"AL";"56,6"
"AD";"112,1"
"BA";"37,6"
"HR";"38,8"
"GI";"2.936,3"
"GR";"49,7"
"VA";"1.590,9"
"IT";"132,9"
"MT";"926,2"
"ME";"28,6"
"PT";"62,6"
"SM";"435,8"
"RS";"52,8"
"SI";"66,8"
"ES";"60,6"
"MK";"48,8"
"AT";"80,6"
"BE";"332,9"
"FR";"104,2"
"DE";"167,3"
"LI";"222,9"
"LU";"287,6"
"MC";"29.560,4"
"NL";"392,8"
"CH";"208,7"
"AI";"115,4"
"AG";"218,4"
"AW";"430,0"
"BS";"37,2"
"BB";"466,6"
"VG";"190,9"
"KY";"306,0"
"CU";"65,3"
"CW";"335,1"
"DM";"66,5"
"DO";"200,8"
"GD";"184,5"
"GP";"168,2"
"HT";"373,1"
"JM";"130,5"
"MQ";"219,0"
"MS";"37,8"
"PR";"214,4"
"KN";"172,0"
"LC";"189,2"
"VC";"172,2"
"SX";"1.350,5"
"TT";"156,9"
"TC";"42,2"
"VI";"143,9"
"BZ";"22,6"
"CR";"83,1"
"SV";"222,8"
"GT";"227,0"
"HN";"96,0"
"MX";"64,0"
"NI";"48,9"
"PA";"67,1"
"AR";"16,4"
"BO";"12,6"
"BR";"19,4"
"CL";"20,8"
"CO";"33,9"
"EC";"76,6"
"FK";"0,2"
"GF";"7,3"
"GY";"2,5"
"PY";"17,2"
"PE";"25,6"
"SR";"3,0"
"UY";"15,1"
"VE";"36,9"
"BM";"704,4"
"CA";"4,4"
"GL";"0,1"
"PM";"24,8"
"US";"36,8"
"AU";"4,1"
"NZ";"18,2"
"FJ";"36,9"
"NC";"18,4"
"PG";"30,0"
"SB";"36,9"
"VU";"39,0"
"FM";"165,5"
"GU";"266,7"
"KI";"210,8"
"MH";"310,6"
"FM";"129,6"
"NR";"384,2"
"MP";"71,6"
"PW";"48,9"
"AS";"173,7"
"CK";"53,9"
"PF";"65,6"
"NU";"5,3"
"WS";"71,4"
"TK";"123,5"
"TO";"162,8"
"TV";"418,2"
"WF";"55,0"
"BI";"3.279,4"
"KM";"1.986,3"
"DJ";"95,6"
"ER";"247,4"
"ET";"584,7"
"KE";"406,2"
"MG";"244,0"
"MW";"1.315,1"
"MU";"497,2"
"YT";"3.292,1"
"MZ";"282,1"
"RE";"497,6"
"RW";"2.203,4"
"SC";"244,3"
"SO";"214,7"
"SS";"124,0"
"UG";"2.022,8"
"TZ";"482,4"
"ZM";"163,1"
"ZW";"192,4"
"AO";"217,8"
"CM";"313,8"
"CF";"42,8"
"TD";"108,1"
"CG";"95,0"
"CD";"344,3"
"GQ";"318,2"
"GA";"32,1"
"ST";"1.047,3"
"DZ";"39,1"
"EG";"292,0"
"LY";"6,0"
"MA";"141,2"
"SD";"122,6"
"TN";"105,8"
"EH";"6,0"
"BW";"9,9"
"LS";"204,1"
"NA";"11,2"
"ZA";"85,9"
"SZ";"244,9"
"BJ";"614,7"
"BF";"531,0"
"CV";"268,9"
"CI";"464,6"
"GM";"1.494,4"
"GH";"513,4"
"GN";"348,6"
"GW";"365,2"
"LR";"290,8"
"ML";"143,7"
"MR";"22,1"
"NE";"233,1"
"NG";"1.450,5"
"SH";"10,2"
"SN";"510,6"
"SL";"539,3"
"TG";"731,3"
"CN";"111,7"
"HK";"6.397,2"
"MO";"26.609,4"
"TW";"423,1"
"KP";"227,1"
"JP";"222,8"
"MN";"4,0"
"KR";"368,4"
"KZ";"12,4"
"KG";"70,7"
"TJ";"200,8"
"TM";"27,7"
"UZ";"124,9"
"AF";"357,9"
"BD";"1.983,2"
"BT";"32,9"
"IN";"723,7"
"IR";"55,8"
"MV";"2.338,8"
"NP";"339,1"
"PK";"816,2"
"LK";"336,4"
"BN";"107,0"
"KH";"189,0"
"ID";"232,1"
"LA";"67,4"
"MY";"154,4"
"MM";"116,3"
"PH";"838,4"
"SG";"8.208,8"
"TH";"106,4"
"TL";"591,2"
"VN";"364,4"
"AM";"76,6"
"AZ";"139,8"
"BH";"3.773,9"
"CY";"140,0"
"GE";"44,2"
"IQ";"471,7"
"IL";"936,3"
"JO";"332,7"
"KW";"373,4"
"LB";"490,2"
"OM";"34,2"
"QA";"391,4"
"SA";"30,7"
"PS";"4.078,8"
"SY";"334,8"
"TR";"143,2"
"AE";"185,3"
"YE";"251,6"
"BY";"34,1"
"BG";"33,6"
"CZ";"102,1"
"HU";"66,9"
"PL";"75,9"
"MD";"64,4"
"RO";"51,7"
"RU";"6,9"
"SK";"74,7"
"UA";"44,9"
"DK";"149,7"
"EE";"20,6"
"FO";"49,8"
"FI";"19,6"
"IS";"4,3"
"IE";"91,3"
"IM";"177,8"
"LV";"17,5"
"LT";"29,1"
"NO";"20,7"
"SE";"30,6"
"GB";"328,5"
"AL";"76,7"
"AD";"126,2"
"BA";"42,1"
"HR";"48,5"
"GI";"3.752,8"
"GR";"59,1"
"VA";"1.861,4"
"IT";"150,5"
"MT";"1.046,8"
"ME";"38,7"
"PT";"73,9"
"SM";"469,4"
"RS";"66,0"
"SI";"77,2"
"ES";"68,5"
"MK";"58,4"
"AT";"91,0"
"BE";"408,4"
"FR";"134,3"
"DE";"193,0"
"LI";"257,8"
"LU";"329,6"
"MC";"40.819,5"
"NL";"486,5"
"CH";"247,4"
"AI";"165,9"
"AG";"325,5"
"AW";"562,0"
"BS";"50,0"
"BB";"601,3"
"VG";"278,2"
"KY";"378,8"
"CU";"82,0"
"CW";"455,8"
"DM";"98,7"
"DO";"386,1"
"GD";"336,6"
"GP";"245,2"
"HT";"847,1"
"JM";"229,2"
"MQ";"314,6"
"MS";"58,2"
"PR";"283,1"
"KN";"258,6"
"LC";"254,1"
"VC";"288,1"
"SX";"1.774,7"
"TT";"228,1"
"TC";"61,9"
"VI";"257,4"
"BZ";"42,0"
"CR";"117,4"
"SV";"395,3"
"GT";"484,6"
"HN";"185,5"
"MX";"110,3"
"NI";"86,0"
"PA";"114,3"
"AR";"25,7"
"BO";"24,9"
"BR";"27,6"
"CL";"28,1"
"CO";"52,1"
"EC";"134,4"
"FK";"0,2"
"GF";"13,1"
"GY";"5,2"
"PY";"31,6"
"PE";"44,9"
"SR";"5,3"
"UY";"22,2"
"VE";"63,8"
"BM";"904,6"
"CA";"5,3"
"GL";"0,1"
"PM";"36,5"
"US";"45,7"
"AU";"5,3"
"NZ";"25,2"
"FJ";"71,5"
"NC";"27,2"
"PG";"62,6"
"SB";"83,1"
"VU";"73,1"
"FM";"326,8"
"GU";"441,3"
"KI";"417,2"
"MH";"895,3"
"FM";"302,1"
"NR";"584,7"
"MP";"95,7"
"PW";"68,5"
"AS";"407,3"
"CK";"93,3"
"PF";"99,8"
"NU";"9,3"
"WS";"167,8"
"TK";"271,9"
"TO";"344,4"
"TV";"825,2"
"WF";"87,4"
"BI";"706,8"
"KM";"611,3"
"DJ";"62,2"
"ER";"80,9"
"ET";"180,7"
"KE";"151,0"
"MG";"75,7"
"MW";"360,7"
"MU";"722,7"
"YT";"1.246,9"
"MZ";"64,0"
"RE";"405,3"
"RW";"822,2"
"SC";"200,7"
"SO";"34,7"
"SS";"33,1"
"UG";"376,4"
"TZ";"112,1"
"ZM";"40,1"
"ZW";"72,2"
"AO";"40,7"
"CM";"84,9"
"CF";"11,8"
"TD";"19,2"
"CG";"25,8"
"CD";"60,4"
"GQ";"93,5"
"GA";"12,5"
"ST";"275,3"
"DZ";"25,4"
"EG";"142,6"
"LY";"5,1"
"MA";"107,3"
"SD";"36,3"
"TN";"96,5"
"EH";"4,8"
"BW";"6,6"
"LS";"107,1"
"NA";"5,1"
"ZA";"66,8"
"SZ";"125,3"
"BJ";"158,1"
"BF";"112,5"
"CV";"208,3"
"CI";"118,6"
"GM";"324,8"
"GH";"191,5"
"GN";"85,1"
"GW";"101,4"
"LR";"79,7"
"ML";"23,4"
"MR";"6,8"
"NE";"28,9"
"NG";"324,2"
"SH";"12,4"
"SN";"133,6"
"SL";"157,3"
"TG";"220,9"
"CN";"157,2"
"HK";"9.894,2"
"MO";"39.533,4"
"TW";"740,5"
"KP";"248,9"
"JP";"317,1"
"MN";"2,5"
"KR";"582,6"
"KZ";"8,7"
"KG";"37,5"
"TJ";"93,1"
"TM";"16,4"
"UZ";"107,3"
"AF";"84,6"
"BD";"1.839,3"
"BT";"31,3"
"IN";"619,3"
"IR";"68,3"
"MV";"2.179,7"
"NP";"297,5"
"PK";"375,0"
"LK";"325,3"
"BN";"118,1"
"KH";"131,1"
"ID";"188,0"
"LA";"41,6"
"MY";"152,5"
"MM";"105,1"
"PH";"489,6"
"SG";"12.122,1"
"TH";"150,3"
"TL";"99,3"
"VN";"404,2"
"AM";"106,9"
"AZ";"145,9"
"BH";"3.673,6"
"CY";"199,4"
"GE";"47,1"
"IQ";"146,4"
"IL";"586,3"
"JO";"152,8"
"KW";"378,4"
"LB";"618,4"
"OM";"24,1"
"QA";"401,6"
"SA";"22,3"
"PS";"1.396,1"
"SY";"200,7"
"TR";"140,1"
"AE";"205,3"
"YE";"84,3"
"BY";"45,4"
"BG";"49,9"
"CZ";"142,6"
"HU";"105,5"
"PL";"120,2"
"MD";"117,7"
"RO";"76,3"
"RU";"8,8"
"SK";"114,2"
"UA";"67,7"
"DK";"177,3"
"EE";"27,7"
"FO";"39,6"
"FI";"22,5"
"IS";"4,5"
"IE";"94,2"
"IM";"203,0"
"LV";"25,6"
"LT";"39,8"
"NO";"23,2"
"SE";"33,2"
"GB";"361,1"
"AL";"98,6"
"AD";"195,2"
"BA";"67,4"
"HR";"69,0"
"GI";"4.182,1"
"GR";"88,1"
"VA";"3.002,3"
"IT";"208,8"
"MT";"1.512,1"
"ME";"48,2"
"PT";"114,1"
"SM";"696,8"
"RS";"90,7"
"SI";"101,1"
"ES";"100,6"
"MK";"84,4"
"AT";"125,7"
"BE";"471,2"
"FR";"139,9"
"DE";"269,3"
"LI";"332,4"
"LU";"416,4"
"MC";"36.197,3"
"NL";"577,7"
"CH";"318,2"
"AI";"200,8"
"AG";"317,0"
"AW";"666,5"
"BS";"58,7"
"BB";"708,5"
"VG";"269,4"
"KY";"429,2"
"CU";"103,5"
"CW";"460,4"
"DM";"106,7"
"DO";"289,9"
"GD";"310,7"
"GP";"253,6"
"HT";"500,8"
"JM";"229,2"
"MQ";"334,2"
"MS";"54,9"
"PR";"410,7"
"KN";"276,8"
"LC";"360,4"
"VC";"300,1"
"SX";"2.049,5"
"TT";"278,4"
"TC";"63,5"
"VI";"219,2"
"BZ";"30,2"
"CR";"133,7"
"SV";"372,4"
"GT";"269,0"
"HN";"136,9"
"MX";"97,6"
"NI";"74,6"
"PA";"85,5"
"AR";"21,9"
"BO";"15,2"
"BR";"33,3"
"CL";"32,3"
"CO";"57,5"
"EC";"101,6"
"FK";"0,3"
"GF";"6,9"
"GY";"3,6"
"PY";"23,7"
"PE";"35,7"
"SR";"4,2"
"UY";"22,8"
"VE";"52,4"
"BM";"1.181,4"
"CA";"6,6"
"GL";"0,1"
"PM";"35,0"
"US";"50,7"
"AU";"5,7"
"NZ";"25,7"
"FJ";"50,4"
"NC";"25,1"
"PG";"27,1"
"SB";"30,0"
"VU";"37,6"
"FM";"185,9"
"GU";"359,6"
"KI";"172,4"
"MH";"270,1"
"FM";"142,6"
"NR";"565,9"
"MP";"133,4"
"PW";"74,7"
"AS";"159,1"
"CK";"83,5"
"PF";"99,4"
"NU";"7,7"
"WS";"45,8"
"TK";"159,5"
"TO";"123,3"
"TV";"408,4"
"WF";"86,4"
"BI";"633,4"
"KM";"649,0"
"DJ";"55,7"
"ER";"76,1"
"ET";"162,6"
"KE";"136,3"
"MG";"68,2"
"MW";"310,9"
"MU";"658,7"
"YT";"1.151,2"
"MZ";"55,1"
"RE";"418,2"
"RW";"766,9"
"SC";"216,0"
"SO";"35,5"
"SS";"29,4"
"UG";"340,8"
"TZ";"101,5"
"ZM";"35,4"
"ZW";"61,8"
"AO";"37,7"
"CM";"73,6"
"CF";"10,4"
"TD";"17,4"
"CG";"22,9"
"CD";"54,5"
"GQ";"56,9"
"GA";"10,8"
"ST";"342,6"
"DZ";"23,6"
"EG";"136,8"
"LY";"4,8"
"MA";"108,0"
"SD";"35,0"
"TN";"90,1"
"EH";"2,6"
"BW";"5,3"
"LS";"93,1"
"NA";"4,3"
"ZA";"54,8"
"SZ";"108,6"
"BJ";"151,3"
"BF";"107,7"
"CV";"201,1"
"CI";"102,8"
"GM";"315,8"
"GH";"182,1"
"GN";"75,6"
"GW";"97,1"
"LR";"73,5"
"ML";"23,4"
"MR";"6,3"
"NE";"26,8"
"NG";"288,1"
"SH";"11,4"
"SN";"127,8"
"SL";"144,2"
"TG";"209,1"
"CN";"145,4"
"HK";"6.317,8"
"MO";"21.066,3"
"TW";"622,7"
"KP";"224,9"
"JP";"278,9"
"MN";"2,5"
"KR";"486,4"
"KZ";"7,8"
"KG";"43,1"
"TJ";"97,8"
"TM";"16,4"
"UZ";"102,0"
"AF";"86,3"
"BD";"1.797,9"
"BT";"28,2"
"IN";"585,7"
"IR";"63,2"
"MV";"1.793,4"
"NP";"307,6"
"PK";"379,1"
"LK";"399,6"
"BN";"101,7"
"KH";"127,8"
"ID";"180,7"
"LA";"43,3"
"MY";"125,4"
"MM";"101,7"
"PH";"480,2"
"SG";"7.924,8"
"TH";"132,7"
"TL";"142,5"
"VN";"379,0"
"AM";"109,3"
"AZ";"136,6"
"BH";"1.913,2"
"CY";"138,0"
"GE";"53,4"
"IQ";"137,7"
"IL";"503,9"
"JO";"166,1"
"KW";"231,7"
"LB";"825,4"
"OM";"15,4"
"QA";"165,2"
"SA";"18,4"
"PS";"1.348,4"
"SY";"158,8"
"TR";"131,4"
"AE";"80,4"
"YE";"82,5"
"BY";"39,7"
"BG";"50,1"
"CZ";"116,3"
"HU";"90,0"
"PL";"111,2"
"MD";"114,3"
"RO";"72,9"
"RU";"7,5"
"SK";"101,8"
"UA";"61,9"
"DK";"129,5"
"EE";"27,0"
"FO";"36,6"
"FI";"16,8"
"IS";"3,8"
"IE";"74,8"
"IM";"137,2"
"LV";"26,2"
"LT";"39,2"
"NO";"14,7"
"SE";"23,7"
"GB";"269,4"
"AL";"113,7"
"AD";"147,9"
"BA";"61,4"
"HR";"64,7"
"GI";"3.288,5"
"GR";"73,8"
"VA";"986,4"
"IT";"163,1"
"MT";"1.227,2"
"ME";"46,4"
"PT";"96,6"
"SM";"486,0"
"RS";"91,8"
"SI";"86,6"
"ES";"80,2"
"MK";"79,6"
"AT";"93,7"
"BE";"357,7"
"FR";"116,7"
"DE";"192,1"
"LI";"213,6"
"LU";"217,5"
"MC";"20.975,2"
"NL";"482,6"
"CH";"196,5"
"AI";"180,1"
"AG";"289,4"
"AW";"573,2"
"BS";"45,2"
"BB";"658,0"
"VG";"237,8"
"KY";"251,3"
"CU";"101,4"
"CW";"353,1"
"DM";"118,7"
"DO";"313,4"
"GD";"426,6"
"GP";"276,6"
"HT";"558,8"
"JM";"345,1"
"MQ";"355,0"
"MS";"56,5"
"PR";"448,8"
"KN";"253,6"
"LC";"338,6"
"VC";"349,3"
"SX";"1.272,3"
"TT";"275,6"
"TC";"41,7"
"VI";"315,5"
"BZ";"23,5"
"CR";"119,3"
"SV";"435,3"
"GT";"250,6"
"HN";"128,1"
"MX";"91,9"
"NI";"75,5"
"PA";"74,5"
"AR";"19,9"
"BO";"14,6"
"BR";"29,9"
"CL";"27,8"
"CO";"54,8"
"EC";"93,9"
"FK";"0,2"
"GF";"5,1"
"GY";"5,2"
"PY";"24,8"
"PE";"33,8"
"SR";"4,5"
"UY";"22,3"
"VE";"48,5"
"BM";"1.113,8"
"CA";"3,9"
"GL";"0,2"
"PM";"33,0"
"US";"37,1"
"AU";"3,4"
"NZ";"19,5"
"FJ";"62,7"
"NC";"17,5"
"PG";"25,9"
"SB";"33,6"
"VU";"33,7"
"FM";"226,4"
"GU";"394,2"
"KI";"202,4"
"MH";"447,2"
"FM";"232,0"
"NR";"667,1"
"MP";"130,6"
"PW";"53,6"
"AS";"408,9"
"CK";"92,7"
"PF";"94,2"
"NU";"7,8"
"WS";"107,4"
"TK";"184,5"
"TO";"226,4"
"TV";"497,7"
"WF";"101,4"
"BI";"1.615,7"
"KM";"1.135,0"
"DJ";"54,6"
"ER";"136,4"
"ET";"238,7"
"KE";"225,7"
"MG";"137,4"
"MW";"672,6"
"MU";"525,3"
"YT";"1.768,9"
"MZ";"135,9"
"RE";"445,8"
"RW";"1.127,1"
"SC";"224,9"
"SO";"101,9"
"SS";"58,9"
"UG";"864,6"
"TZ";"263,2"
"ZM";"93,7"
"ZW";"100,2"
"AO";"103,2"
"CM";"158,3"
"CF";"21,0"
"TD";"40,4"
"CG";"53,8"
"CD";"136,1"
"GQ";"109,3"
"GA";"17,2"
"ST";"651,1"
"DZ";"26,5"
"EG";"193,1"
"LY";"4,6"
"MA";"115,2"
"SD";"66,2"
"TN";"91,6"
"EH";"2,7"
"BW";"6,3"
"LS";"134,0"
"NA";"6,6"
"ZA";"62,3"
"SZ";"147,1"
"BJ";"320,0"
"BF";"249,8"
"CV";"200,9"
"CI";"250,4"
"GM";"637,5"
"GH";"304,7"
"GN";"164,0"
"GW";"186,0"
"LR";"156,4"
"ML";"59,1"
"MR";"12,2"
"NE";"106,0"
"NG";"702,1"
"SH";"10,0"
"SN";"277,5"
"SL";"227,1"
"TG";"399,2"
"CN";"126,1"
"HK";"5.252,6"
"MO";"18.269,7"
"TW";"494,5"
"KP";"211,1"
"JP";"241,7"
"MN";"3,0"
"KR";"407,3"
"KZ";"9,3"
"KG";"55,9"
"TJ";"139,3"
"TM";"18,7"
"UZ";"97,1"
"AF";"120,1"
"BD";"1.645,1"
"BT";"25,0"
"IN";"563,6"
"IR";"53,1"
"MV";"1.739,1"
"NP";"282,1"
"PK";"472,7"
"LK";"392,3"
"BN";"93,2"
"KH";"145,4"
"ID";"183,8"
"LA";"45,5"
"MY";"119,5"
"MM";"93,4"
"PH";"600,2"
"SG";"5.771,7"
"TH";"104,7"
"TL";"300,8"
"VN";"376,3"
"AM";"90,7"
"AZ";"124,7"
"BH";"1.788,7"
"CY";"108,9"
"GE";"52,6"
"IQ";"285,4"
"IL";"667,9"
"JO";"216,6"
"KW";"221,6"
"LB";"732,7"
"OM";"16,8"
"QA";"162,1"
"SA";"19,1"
"PS";"2.282,6"
"SY";"193,9"
"TR";"127,1"
"AE";"74,2"
"YE";"107,7"
"BY";"37,9"
"BG";"44,3"
"CZ";"105,6"
"HU";"72,7"
"PL";"85,9"
"MD";"80,9"
"RO";"62,8"
"RU";"7,1"
"SK";"86,4"
"UA";"54,2"
"DK";"123,2"
"EE";"25,2"
"FO";"41,0"
"FI";"16,0"
"IS";"3,6"
"IE";"76,6"
"IM";"128,9"
"LV";"23,4"
"LT";"36,3"
"NO";"14,2"
"SE";"23,8"
"GB";"262,9"
"AL";"101,0"
"AD";"112,1"
"BA";"50,9"
"HR";"53,5"
"GI";"3.147,1"
"GR";"58,1"
"VA";"538,6"
"IT";"140,8"
"MT";"1.055,9"
"ME";"41,1"
"PT";"74,1"
"SM";"403,2"
"RS";"80,9"
"SI";"80,5"
"ES";"65,6"
"MK";"68,7"
"AT";"81,8"
"BE";"345,6"
"FR";"119,4"
"DE";"161,6"
"LI";"189,4"
"LU";"195,2"
"MC";"22.659,1"
"NL";"452,6"
"CH";"168,5"
"AI";"152,3"
"AG";"288,2"
"AW";"526,7"
"BS";"39,8"
"BB";"628,8"
"VG";"236,9"
"KY";"240,5"
"CU";"92,7"
"CW";"351,1"
"DM";"111,9"
"DO";"320,5"
"GD";"404,3"
"GP";"267,1"
"HT";"600,6"
"JM";"319,5"
"MQ";"338,8"
"MS";"56,4"
"PR";"364,3"
"KN";"230,7"
"LC";"265,5"
"VC";"304,8"
"SX";"1.130,2"
"TT";"229,2"
"TC";"37,7"
"VI";"317,7"
"BZ";"25,4"
"CR";"105,4"
"SV";"411,4"
"GT";"301,9"
"HN";"127,3"
"MX";"86,7"
"NI";"73,2"
"PA";"82,3"
"AR";"21,3"
"BO";"17,2"
"BR";"25,7"
"CL";"25,5"
"CO";"47,6"
"EC";"101,0"
"FK";"0,2"
"GF";"7,5"
"GY";"5,5"
"PY";"25,4"
"PE";"34,9"
"SR";"4,6"
"UY";"21,4"
"VE";"49,8"
"BM";"953,2"
"CA";"3,3"
"GL";"0,1"
"PM";"33,0"
"US";"36,8"
"AU";"3,2"
"NZ";"18,9"
"FJ";"68,5"
"NC";"17,8"
"PG";"38,5"
"SB";"55,8"
"VU";"49,2"
"FM";"281,6"
"GU";"421,9"
"KI";"323,8"
"MH";"664,5"
"FM";"283,5"
"NR";"666,6"
"MP";"105,0"
"PW";"49,6"
"AS";"561,6"
"CK";"87,9"
"PF";"90,8"
"NU";"7,6"
"WS";"186,8"
"TK";"199,7"
"TO";"362,5"
"TV";"697,2"
"WF";"95,7"
"BI";"1.270,6"
"KM";"911,2"
"DJ";"50,7"
"ER";"106,0"
"ET";"194,6"
"KE";"192,1"
"MG";"115,1"
"MW";"534,4"
"MU";"460,9"
"YT";"1.656,8"
"MZ";"103,1"
"RE";"356,4"
"RW";"932,1"
"SC";"168,2"
"SO";"72,6"
"SS";"44,4"
"UG";"676,4"
"TZ";"214,8"
"ZM";"74,4"
"ZW";"74,3"
"AO";"87,0"
"CM";"118,9"
"CF";"13,2"
"TD";"30,6"
"CG";"44,2"
"CD";"106,5"
"GQ";"111,0"
"GA";"14,7"
"ST";"497,3"
"DZ";"23,4"
"EG";"169,2"
"LY";"4,1"
"MA";"90,8"
"SD";"56,8"
"TN";"79,2"
"EH";"4,0"
"BW";"5,2"
"LS";"85,4"
"NA";"5,3"
"ZA";"48,8"
"SZ";"100,5"
"BJ";"274,6"
"BF";"191,2"
"CV";"167,1"
"CI";"184,9"
"GM";"549,1"
"GH";"251,0"
"GN";"120,3"
"GW";"139,0"
"LR";"117,8"
"ML";"42,6"
"MR";"11,3"
"NE";"84,1"
"NG";"495,1"
"SH";"8,9"
"SN";"230,5"
"SL";"160,9"
"TG";"336,9"
"CN";"107,6"
"HK";"7.069,6"
"MO";"29.921,9"
"TW";"471,1"
"KP";"180,0"
"JP";"227,9"
"MN";"2,5"
"KR";"384,8"
"KZ";"8,2"
"KG";"41,4"
"TJ";"114,9"
"TM";"16,4"
"UZ";"87,2"
"AF";"92,2"
"BD";"1.260,7"
"BT";"20,9"
"IN";"479,0"
"IR";"43,5"
"MV";"1.575,7"
"NP";"199,0"
"PK";"411,4"
"LK";"248,3"
"BN";"88,1"
"KH";"110,8"
"ID";"158,7"
"LA";"32,5"
"MY";"118,0"
"MM";"82,5"
"PH";"521,6"
"SG";"7.645,6"
"TH";"92,9"
"TL";"198,7"
"VN";"323,4"
"AM";"67,4"
"AZ";"113,3"
"BH";"2.922,5"
"CY";"133,7"
"GE";"36,3"
"IQ";"260,9"
"IL";"669,7"
"JO";"173,6"
"KW";"315,4"
"LB";"427,7"
"OM";"20,0"
"QA";"321,1"
"SA";"19,2"
"PS";"2.033,6"
"SY";"179,4"
"TR";"104,7"
"AE";"159,8"
"YE";"91,9"
"BY";"33,9"
"BG";"35,4"
"CZ";"106,1"
"HU";"68,8"
"PL";"71,9"
"MD";"63,1"
"RO";"52,0"
"RU";"6,7"
"SK";"77,6"
"UA";"45,9"
"DK";"143,4"
"EE";"20,2"
"FO";"37,7"
"FI";"18,2"
"IS";"3,6"
"IE";"81,5"
"IM";"165,0"
"LV";"17,9"
"LT";"29,3"
"NO";"19,3"
"SE";"28,5"
"GB";"299,1"
"AL";"66,6"
"AD";"127,0"
"BA";"43,2"
"HR";"44,8"
"GI";"3.415,9"
"GR";"57,0"
"VA";"1.627,3"
"IT";"152,5"
"MT";"1.057,4"
"ME";"33,2"
"PT";"71,4"
"SM";"497,5"
"RS";"63,0"
"SI";"76,9"
"ES";"69,7"
"MK";"57,1"
"AT";"91,8"
"BE";"384,4"
"FR";"121,9"
"DE";"190,4"
"LI";"255,0"
"LU";"328,2"
"MC";"33.579,9"
"NL";"458,8"
"CH";"238,0"
"AI";"136,2"
"AG";"260,5"
"AW";"510,2"
"BS";"43,1"
"BB";"549,4"
"VG";"222,0"
"KY";"349,9"
"CU";"76,1"
"CW";"384,3"
"DM";"78,9"
"DO";"243,3"
"GD";"233,1"
"GP";"200,1"
"HT";"429,6"
"JM";"166,4"
"MQ";"261,2"
"MS";"44,9"
"PR";"257,2"
"KN";"205,1"
"LC";"218,3"
"VC";"217,4"
"SX";"1.573,0"
"TT";"195,8"
"TC";"49,0"
"VI";"179,0"
"BZ";"26,6"
"CR";"96,8"
"SV";"267,1"
"GT";"260,5"
"HN";"113,3"
"MX";"75,6"
"NI";"56,5"
"PA";"79,1"
"AR";"19,3"
"BO";"14,0"
"BR";"22,2"
"CL";"24,0"
"CO";"40,2"
"EC";"89,4"
"FK";"0,2"
"GF";"8,5"
"GY";"3,3"
"PY";"21,3"
"PE";"29,6"
"SR";"3,6"
"UY";"18,0"
"VE";"44,1"
"BM";"823,3"
"CA";"5,0"
"GL";"0,1"
"PM";"29,1"
"US";"42,9"
"AU";"4,7"
"NZ";"21,1"
"FJ";"46,0"
"NC";"20,9"
"PG";"35,0"
"SB";"41,7"
"VU";"45,2"
"FM";"196,4"
"GU";"316,9"
"KI";"243,7"
"MH";"368,8"
"FM";"163,7"
"NR";"460,7"
"MP";"84,1"
"PW";"55,0"
"AS";"224,3"
"CK";"62,8"
"PF";"76,1"
"NU";"6,4"
"WS";"85,2"
"TK";"146,7"
"TO";"198,9"
"TV";"502,7"
"WF";"62,9"
"BI";"2.537,6"
"KM";"1.743,6"
"DJ";"83,9"
"ER";"208,6"
"ET";"484,3"
"KE";"354,3"
"MG";"206,2"
"MW";"1.082,6"
"MU";"433,2"
"YT";"3.161,3"
"MZ";"216,9"
"RE";"456,5"
"RW";"1.901,0"
"SC";"221,8"
"SO";"161,2"
"SS";"91,8"
"UG";"1.625,7"
"TZ";"407,2"
"ZM";"131,5"
"ZW";"152,4"
"AO";"182,2"
"CM";"239,6"
"CF";"29,0"
"TD";"80,6"
"CG";"79,8"
"CD";"267,0"
"GQ";"243,8"
"GA";"27,4"
"ST";"961,2"
"DZ";"35,6"
"EG";"270,9"
"LY";"5,5"
"MA";"125,8"
"SD";"106,1"
"TN";"95,3"
"EH";"5,3"
"BW";"8,0"
"LS";"146,5"
"NA";"9,4"
"ZA";"67,5"
"SZ";"181,8"
"BJ";"524,7"
"BF";"416,6"
"CV";"243,4"
"CI";"340,3"
"GM";"1.299,9"
"GH";"433,4"
"GN";"257,7"
"GW";"279,8"
"LR";"227,6"
"ML";"107,4"
"MR";"20,0"
"NE";"182,5"
"NG";"1.021,3"
"SH";"9,1"
"SN";"442,4"
"SL";"391,5"
"TG";"621,1"
"CN";"96,4"
"HK";"5.667,4"
"MO";"23.677,2"
"TW";"356,9"
"KP";"196,6"
"JP";"197,4"
"MN";"3,6"
"KR";"311,6"
"KZ";"11,2"
"KG";"65,2"
"TJ";"184,5"
"TM";"25,5"
"UZ";"115,0"
"AF";"300,3"
"BD";"1.706,7"
"BT";"28,0"
"IN";"633,7"
"IR";"48,0"
"MV";"2.040,8"
"NP";"288,9"
"PK";"734,7"
"LK";"298,0"
"BN";"96,1"
"KH";"161,2"
"ID";"210,5"
"LA";"56,9"
"MY";"139,6"
"MM";"105,6"
"PH";"775,9"
"SG";"7.226,5"
"TH";"91,8"
"TL";"527,1"
"VN";"323,2"
"AM";"65,8"
"AZ";"127,7"
"BH";"3.483,4"
"CY";"124,0"
"GE";"39,0"
"IQ";"436,1"
"IL";"888,8"
"JO";"313,2"
"KW";"347,9"
"LB";"429,1"
"OM";"31,0"
"QA";"360,8"
"SA";"28,2"
"PS";"3.848,0"
"SY";"296,1"
"TR";"125,6"
"AE";"170,5"
"YE";"222,7"
"BY";"29,4"
"BG";"29,2"
"CZ";"89,6"
"HU";"57,7"
"PL";"64,5"
"MD";"53,7"
"RO";"44,6"
"RU";"6,0"
"SK";"64,4"
"UA";"38,0"
"DK";"136,4"
"EE";"17,7"
"FO";"46,5"
"FI";"17,8"
"IS";"3,9"
"IE";"83,7"
"IM";"163,3"
"LV";"15,1"
"LT";"25,4"
"NO";"19,1"
"SE";"28,2"
"GB";"300,8"
"AL";"66,1"
"AD";"111,6"
"BA";"35,3"
"HR";"41,9"
"GI";"3.438,8"
"GR";"51,8"
"VA";"1.622,7"
"IT";"134,5"
"MT";"912,1"
"ME";"33,7"
"PT";"64,1"
"SM";"418,2"
"RS";"57,4"
"SI";"68,3"
"ES";"61,0"
"MK";"50,1"
"AT";"80,6"
"BE";"371,2"
"FR";"123,6"
"DE";"171,1"
"LI";"234,4"
"LU";"301,9"
"MC";"38.491,3"
"NL";"442,4"
"CH";"225,5"
"AI";"146,8"
"AG";"296,0"
"AW";"506,4"
"BS";"44,9"
"BB";"534,5"
"VG";"253,8"
"KY";"344,5"
"CU";"72,3"
"CW";"415,2"
"DM";"87,5"
"DO";"350,6"
"GD";"302,9"
"GP";"221,9"
"HT";"720,6"
"JM";"204,8"
"MQ";"284,9"
"MS";"52,5"
"PR";"246,9"
"KN";"232,5"
"LC";"217,5"
"VC";"263,3"
"SX";"1.626,4"
"TT";"207,4"
"TC";"56,5"
"VI";"233,8"
"BZ";"38,4"
"CR";"105,4"
"SV";"346,6"
"GT";"437,1"
"HN";"168,2"
"MX";"100,4"
"NI";"76,3"
"PA";"105,4"
"AR";"23,5"
"BO";"21,2"
"BR";"24,0"
"CL";"25,1"
"CO";"46,4"
"EC";"122,0"
"FK";"0,2"
"GF";"12,4"
"GY";"4,8"
"PY";"29,5"
"PE";"40,2"
"SR";"4,9"
"UY";"20,1"
"VE";"58,3"
"BM";"802,8"
"CA";"4,9"
"GL";"0,1"
"PM";"33,4"
"US";"41,9"
"AU";"4,9"
"NZ";"23,3"
"FJ";"65,4"
"NC";"24,8"
"PG";"57,1"
"SB";"75,0"
"VU";"67,3"
"FM";"298,8"
"GU";"404,2"
"KI";"377,3"
"MH";"835,2"
"FM";"280,2"
"NR";"528,6"
"MP";"83,5"
"PW";"60,2"
"AS";"376,7"
"CK";"84,0"
"PF";"89,4"
"NU";"8,6"
"WS";"156,2"
"TK";"256,4"
"TO";"323,1"
"TV";"754,9"
"WF";"76,9"
